type,pattern,description
prefix,COMPRA\s+\d{4}\s*,Card purchase with card number
prefix,DD\s+,Direct debit
prefix,TRF\s*MB\s*WAY\s*P/\s*,MB WAY transfer
prefix,TRF\.?\s*P/O?\s*,Transfer (TRF P/O)
prefix,TRF\s*P/\s*,Transfer (TRF P/)
prefix,TRANSFERENCIA\s*-?\s*,Bank transfer
prefix,LEV\s*ATM\s+\d{4}\s+\w+\s+,ATM withdrawal with card and bank
prefix,COMISSAO\s+TRF\s+MBWAY\s+[\d.]+\s+APP\s+MB\s+WAY,MB WAY fee (full)
prefix,COMISSAO\s+,Bank fee
prefix,COM\.MAN\.CONTA\s+,Account maintenance fee
prefix,CUSTO\s+DE\s+SERVICO\s+,Service cost
prefix,IMPOSTO\s+(?:DO\s+SELO|SELO\s+ART\s+[\d.]+),Stamp tax
noise,\bLUXEMBOURG\s*LU\b,Luxembourg + country code
noise,\b\d{4}-\d{3}\b,Portuguese postal codes (e.g. 1000-001)
"noise","\b(?=[A-Z0-9]*\d)[A-Z0-9]{8,12}\b","Transaction reference codes (requires at least one digit)"
